code_etu,nom,prenom,clt_parcsup,bac,ue_1_1,ue_2_1,ue_3_1,ue_4_1,ue_5_1,ue_6_1,ue_1_2,ue_2_2,ue_3_2,ue_4_2,ue_5_2,ue_6_2,ue_1_3,ue_2_3,ue_3_3,ue_4_3,ue_1_4,ue_2_4,ue_3_4,ue_4_4,ue_1_5,ue_2_5,ue_3_5,ue_4_5,ue_1_6,ue_2_6,ue_3_6,ue_4_6,ue_5_6,ue_6_6,res_but_1,res_but_2,res_but_3,avis_pe,app_but_2,app_but_3,but_3_etr
1,Guilmette,Sébastien,137,S-Sciences,"14,16","13,61",,,,,"14,26","14,71",,,,,"11,32","13,82",,,"12,61","12,73",,,"13,18","14,29",,,"13,9","14,73",,,,,ADM,TSF,,,,,
2,Villeneuve,Eustache,,STI2D,"14,95","12,61","11,58",,,,"13,54","12,88","11,98",,,,"12,94","10,79","10,34",,"12,07","10,55","12,88",,"13,27","10,66","12,18",,"13,23","13,99","11,79",,,,ADM,AJNAR,,,non,,
3,Ducharme,Aurélie,133,STI2D,"10,8","11,95","11,55","12,74","14,07","12,63",11,"12,01","10,98","12,42","13,88","12,63","10,98","11,43","10,97","12,23","9,8","10,4","11,43","12,46","13,39","12,27","11,45","13,85","11,7","14,1","10,78","11,91","14,03","14,03",ADM,ADM,ADM,N,non,oui,
4,Miron,Carole,14,STI2D,"17,42","16,49","15,81","16,52","16,81","15,55","16,6","15,35","16,09","15,81","17,13","15,55","16,29","15,39","16,48","15,44","15,29","13,65","15,88","16,26","15,53","16,2","15,81","16,55","15,66","14,98","15,94","16,36","16,31","16,31",ADM,ADM,ADM,TF,oui,oui,
5,Mailly,Fabien,113,NBGE,"14,04","14,25","12,71",15,"14,95","15,74","14,57","16,08","12,79","16,16","15,25","15,74","16,1","11,55","11,91","15,31","15,74","13,19","13,49","15,69","15,41",15,"14,34","15,72","15,52","14,96","14,33","15,65","14,03","14,03",ADM,ADM,ADM,F,non,oui,
6,Caya,Emma,48,NBGE,"17,31","14,51","16,14","16,15","16,25","15,2","17,09","16,39","16,51","14,97","15,91","15,2","14,97","11,98","17,22","15,27","15,39","13,17","15,36","15,71","15,66","14,17","15,38","15,92","15,05","12,22","12,94","15,63","14,97","14,97",ADM,ADM,ADM,TF,oui,oui,
7,Binet,Lazare,91,NBGE,"13,94","14,61","12,45","15,37","15,1","13,59","15,32","14,61","13,27","14,65","15,1","13,59","13,73","14,6","11,64","15,27","12,7","10,91","12,89","14,36","14,51","13,48","12,4","15,61","12,89","12,34","12,85","14,91","15,1","13,59",ADM,ADM,ADM,F,non,non,CEGEP de Matane
8,Lafreniere,Roland,134,NBGE,"13,82","12,94","12,39","13,6","11,58","11,78","14,37","12,5","13,28","15,41","11,11","11,78","11,49","9,91","11,36","14,4","13,34","12,32","13,78","14,8","14,34","11,87","13,78","15,49","15,99","13,28","14,02","13,64","13,41","13,37",ADM,ADM,ADM,N,non,non,
9,Austin,Denis,46,STI2D,"11,57","13,15","15,45","15,13","14,68","14,56","12,42","12,67","14,65","14,93","14,55","14,56","13,13","15,37","14,43","14,92","11,29",12,"14,74","14,98","13,53","14,25","15,27","16,23","14,3","14,04","14,98","15,94","14,65","14,65",ADM,ADM,ADM,F,oui,oui,
10,Barriere,étienne,54,NBGE,"15,54","14,1","14,59","15,9","16,99","15,98","13,81","13,73","14,62","16,18","16,86","15,98","14,33","14,88","13,3","16,22","13,72","13,31",15,"15,97","16,23","13,65","15,78","16,76","16,54","15,43","16,32","16,18","16,56","16,56",ADM,ADM,ADM,TF,oui,oui,
11,Camus,Mignon,110,NBGE,"13,17","13,87","12,98","15,02","13,27","13,55","13,36","13,46","12,98","15,91","13,46","13,55","13,45","10,97","10,43","15,17","11,44","11,37","12,93","14,89","13,52","14,01","13,77","16,13","11,7","14,22","13,77","14,98","13,52","14,45",ADM,ADM,ADM,N,non,non,
12,Caouette,édith,51,NBGE,"17,4","15,17","15,6","14,42","15,75","14,73","16,61","16,14","14,64","14,36","14,99","14,73","16,13","12,12","13,18","12,91","16,95","13,81","15,34","14,05","16,96","15,56","15,98","13,95","15,89","14,46","15,69","13,97","15,69","15,69",ADM,ADM,ADM,TF,non,oui,
13,Rheaume,Désirée,44,NBGE,"15,56","13,68","15,36","11,5","10,29","14,81","16,76","15,27","15,48","11,17","11,23","14,81","16,66","15,32","13,1","12,57","13,76","14,3","15,13","11,83","15,35","14,02","15,74","12,51","12,8","15,38","15,26","10,21","9,88","15,3",ADM,ADM,ADM,N,non,oui,
14,Goulet,David,150,NBGE,"12,89","12,03","12,31","14,78",,,"11,78","12,14","10,46","14,79",,,"11,88","9,03","7,69","14,22",11,"10,16","11,99","13,99","16,77","14,55","13,79","15,37","15,79","13,44","14,26","15,79",,,ADM,ADM,,,non,,
15,Dandonneau,Caroline,115,STI2D,"11,95","10,47","10,6","11,53","11,18","13,11","10,08","9,09","9,67","12,01","10,9","13,11","9,84","8,87","8,7","12,26","11,41","12,72","12,13","11,4","13,37","13,22","12,42","12,45","12,28","10,29","11,98","10,04","11,93","11,93",AJAC,ADM,ADM,R,non,oui,
16,Jodoin,Pascal,139,NBGE,"13,21","11,84","10,85","13,86","11,77","12,77","12,54","9,99","11,84","14,41","11,78","12,77","12,23","9,35","9,27","13,96","9,77","10,32","11,62","13,26","13,83","11,79","12,12","14,91","12,13","11,57","12,03","14,25","12,55","14,95",ADM,ADM,ADM,N,non,non,
17,Lemaitre,Ninon,131,NBGE,"15,16","16,03","14,93","16,01","15,36","14,11","14,13","15,64","13,74","14,49","15,74","14,11","13,72","13,34","13,97","15,04","11,99","12,95","15,02","15,31","15,81","15,84","15,3","15,93","16,1","15,03","15,31","15,74","15,16","15,16",ADM,ADM,ADM,TF,oui,oui,
18,Laforge,Lambert,145,NBGE,"12,95","13,13","13,53","14,89","13,21","13,9","12,46","14,06","13,72","15,3","13,55","13,9","12,45","11,46","10,28","13,85","13,29","11,96","12,64","14,04","13,19","12,58","13,19","15,49","13,81","14,21","13,29","14,95","12,32","14,25",ADM,ADM,ADM,N,non,non,
19,Bilodeau,Lionel,59,STI2D,"9,81",,,,,,"10,73",,,,,,"8,52",,,,"7,64",,,,"13,04",,,,"14,05",,,,,,DEM,,,,,,
20,Chouinard,Léonne,102,NBGE,"14,35","12,7","12,21","14,63","13,96","13,67","13,22","11,86","12,26","14,05","15,1","13,67","13,96","13,2","13,72",14,"13,32","13,49","13,38","14,52","13,85","12,14","14,24","14,79","13,16",15,"14,13","15,65","15,03","15,03",ADM,ADM,ADM,F,non,oui,
21,Pellerin,Ghislaine,37,STI2D,"11,33","12,16","12,78","13,64","15,03","15,41","14,56","14,01","12,47","13,16","15,03","15,41","11,23","15,51","11,76","14,42","10,84","11,18","13,09","13,17","13,56","12,67","13,29","14,7","13,22","11,45","13,11","12,54","15,03","15,41",ADM,ADM,ADM,N,non,non,CEGEP de Matane
22,Pellerin,Martin,6,STMG,"12,18","12,52","14,36","15,89","15,66","15,27","12,3","13,38","13,1","14,954","15,26","15,27","11,25","10,1","11,55","15,31","10,57","12,43","14,54","14,67","12,89","12,55","15,04","15,93","13,66","12,42","15,37","14,72","14,66","14,66",ADM,ADM,ADM,F,non,oui,
23,Saucier,Marthe,29,NBGE,"14,99","14,25","13,06","17,04","15,92","16,47","15,32","15,15","13,55","17,66","16,11","16,47","14,43","11,53","12,75","17,03","13,63","13,53","14,78","16,51","15,8","13,47","14,63","16,95","14,66","14,65","14,41","16,39","16,02","16,02",ADM,ADM,ADM,TF,non,oui,
24,Tessier,Eugène,141,NBGE,"14,78","15,61","15,29","16,51","15,6","16,75","15,44","15,23","15,54","17,5","15,66","16,75","15,5","11,79","14,61","16,23","14,89","14,17","15,52","16,74","15,28","15,37","14,91","16,86","14,02","16,01","15,06","16,11","14,44","14,44",ADM,ADM,ADM,TF,oui,oui,
25,Theriault,Salomé,135,STI2D,"10,31","11,67","13,54","15,12","16,4","15,87","9,65","9,27","13,36","14,6","15,98","15,87","11,25","12,98","12,82","14,53","10,66","12,38","13,89","14,87",15,"12,94","14,32","16,05","14,81","12,2","14,62","14,88","15,13","15,13",AJAC,ADM,ADM,F,oui,oui,
26,Brousse,Bénédicte,,S,,,,,"15,57","17,13",,,,,"15,63","17,13",,,,,,,,,,,,,,,,,"15,58","16,94",,,ADM,TF,non,non,
27,Gareau,Papillion,110,STI2D,"12,31","12,56","12,36","14,66",,,"10,7","13,15","11,62","14,06",,,"9,99","15,67","11,15","14,16","11,25","12,65","13,05","14,25","14,96","11,26","13,37","15,21","14,93","13,21","11,83","13,2",,,ADM,ADM,,,oui,,
28,Rheaume,Gérald,164,NBGE,"14,78","12,85","14,08","13,56",,,"14,3","13,71","14,14","14,01",,,"13,52","10,05","15,17","13,07","11,82","13,68","14,16","14,39","15,67","13,16","14,96","14,03","14,64","13,9","12,62","14,41",,,ADM,ADM,,,non,,
29,Huard,Maximilienne,144,STI2D,"13,11","11,3","10,31","13,3","12,98",,"11,58","12,36","10,69","13,7","13,67",,"10,47","12,91","11,63","12,59","10,57","11,11","11,58","12,63","12,03","11,66","10,88","13,54","13,23","11,08","11,45","11,89","13,27",,ADM,ADM,AJNAR,N,non,non,
30,Carignan,Adrien,34,STI2D,"11,41","12,99","13,98","11,37","12,88","13,25","10,66","12,29","13,96","10,92","12,88","13,25","12,53","14,71","12,17","11,83","11,92","10,98","13,94","11,8","15,09","13,69","13,93","12,98","14,39","11,23","12,44","12,25","12,88","13,25",ADM,ADM,ADM,N,non,non,CEGEP de Matane
31,Jodoin,Faustine,40,STI2D,"11,98","13,62","12,51","15,28","12,82","15,84","11,27","10,67","12,03","14,74","12,28","15,84","12,43","15,04",12,"14,06","12,8","13,73","13,25","14,77","14,93","13,89","13,94","15,59","14,82","13,19","14,2","14,87","12,71","12,71",ADM,ADM,ADM,N,oui,oui,
32,Cartier,Pons,148,NBGE,"12,37","9,69","11,39","13,88",,,"12,38","11,28","12,91","14,76",,,"12,23","12,07","12,56","13,94","12,68","13,88","13,98","13,31","13,71","11,09","13,5","15,39","13,08","13,27","12,64","12,2",,,ADM,ADM,,,non,,
33,Dodier,Inès,23,STI2D,"14,17","14,09",,,,,"12,43","15,84",,,,,"9,12","10,74",,,"12,99","12,1",,,"13,98","12,1",,,"11,61","11,55",,,,,AJAC,DEM,,,,,
34,Savard,Margot,28,STI2D,"14,48","10,88","11,09","14,86","12,3","14,8","12,32","11,13","10,93","15,58","12,23","14,8","10,99","15,15","10,68","14,23","10,25","12,38","12,28","14,78","14,84","13,53","12,73","16,03","10,42","12,05","14,02","16,15","13,26","15,57",ADM,ADM,ADM,N,non,non,
35,Duplessis,Christian,98,STI2D,"10,38","10,96",,,,,"12,41","14,19",,,,,"9,29","12,25",,,"9,8","10,81",,,"13,18","12,23",,,"12,33","10,81",,,,,ADM,REOR,,,,,
36,Chaussee,Colombain,78,STI2D,"15,16","13,85","11,64","13,45","14,57","13,75","12,32","13,52","11,92","12,25","14,91","13,75","15,24","13,77","9,09","13,65","12,19","11,19","13,12","13,27","16,07","13,66","12,33",14,"13,9","12,71","12,54","13,14","13,57","13,57",ADM,ADM,ADM,N,non,oui,
37,Bourgeois,Suzanne,64,STI2D,"13,62","11,48","14,83","14,98","13,14","15,68","9,93","10,69","13,94","14,49","12,18","15,68","11,76","11,59","12,64","14,88","11,37","13,26","14,92","14,86","14,46","13,07","15,09","16,33","13,25","13,03","15,5","14,76","14,01","14,01",ADM,ADM,ADM,N,oui,oui,
38,Rossignol,Clarice,130,STI2D,"10,56",,,,,,"9,43",,,,,,"9,36",,,,"11,27",,,,"14,94",,,,"9,78",,,,,,DEM,,,,,,
39,Doucet,Rodolphe,80,STI2D,"11,66","12,07","12,75","12,84","14,11","14,46","10,85","10,73","11,74","13,43","13,87","14,46","13,91","10,02","11,06","13,49","9,22","11,29","12,7","12,64","13,09","13,27","12,9","14,18","13,49","13,2","13,38","12,76","13,74","13,74",ADM,ADM,ADM,N,oui,oui,
40,Quenneville,Julien,48,STI2D,"13,28","10,75","11,85","13,29","12,6","12,36","11,84","11,84","11,66","13,37","12,68","12,36","12,06","11,21","9,65","13,14",10,"11,82","11,74","12,86","14,3","12,7","12,78","14,29","11,93","14,26","11,37","13,14","14,05","14,05",ADM,ADM,ADM,N,non,oui,
41,Bisson,Dieudonné,2,STI2D,"15,62","13,99","15,31","14,63","15,66","15,74","15,7","17,15","15,16","14,28","15,76","15,74","13,95","14,03","16,57","14,02","12,96","13,06","15,11","14,43","15,2","14,03","15,29","14,49","13,74","12,67","15,31","14,4","14,33","14,33",ADM,ADM,ADM,F,oui,oui,
42,Theriault,Gérald,52,NBGE,"12,55","13,88","14,9","14,62","15,09","14,78","13,32","14,28","13,86","14,39","14,83","14,78","14,55","11,14","11,87","14,86","11,27","11,86","14,45","14,11","13,01","13,59","15,47","14,67","14,48","13,87","15,05","13,89","13,72","13,72",ADM,ADM,ADM,F,non,oui,
43,Beriault,Léonne,106,STI2D,"13,42","14,96","11,33","13,48","12,49","12,46","13,21","8,9","10,73","13,51","11,57","12,46","12,7","12,93","10,05","13,85","10,58","11,89","11,43","13,91","16,21","14,29","12,47","14,82","14,2","14,41","11,11","14,77","12,21","13,13",ADM,ADM,ADM,N,non,non,
44,Jette,Léonard,23,NBGE,"15,97","16,39",,,,,"17,1","15,8",,,,,"14,18","16,97",,,"15,04","13,31",,,"15,84","15,08",,,"15,24","15,9",,,,,ADM,TSF,,,,,
45,Bilodeau,Lydie,94,NBGE,"14,11","15,36","14,31","16,65","16,43","15,35","14,29","13,32","14,67","16,36","16,45","15,35","14,71","11,42","14,06","16,36","13,87","13,8","15,64","16,24","15,73","14,39","15,45","17,06","14,36","14,77","16,11","15,13","15,89","15,89",ADM,ADM,ADM,TF,oui,oui,
46,Beauchesne,Ninette,101,NBGE,"14,56","16,47","14,24","15,71","15,4","17,13","14,41","15,41","13,85","16,64","15,4","17,13","12,55","14,2","12,33","16,61","13,86","13,89","14,37","15,93","14,16","16,09","14,74","16,25","15,14","15,48","14,91","15,96","15,4","17,13",ADM,ADM,ADM,TF,non,non,CEGEP de Matane
47,Bourgeau,Stéphanie,108,NBGE,"14,02","13,89","13,83","16,46","15,47","14,58","14,18","15,68","14,11","17,04","15,86","14,58","13,01","13,02","13,59","15,6","14,22","12,59","14,05","15,57","14,53","13,81","14,61","16,75","12,55","13,33","14,43","15,65","15,49","15,49",ADM,ADM,ADM,F,non,oui,
48,Bellemare,Emmanuel,196,NBGE,"15,3","15,46","14,57","16,16","16,62","16,1","13,91","14,51","14,94","16,25","16,71","16,1","15,25","13,15","13,58","16,04","14,85","14,18","15,18","16,21","15,07","16,11","15,06","16,44","15,71","15,41","15,26","15,93","16,58","16,58",ADM,ADM,ADM,TF,oui,oui,
49,Bouchard,Pascal,20,NBGE,"16,25","14,9","16,12","17,11","15,73","17,36","14,73","15,3","16,1","17,52","15,8","17,36","15,57","16,21","13,94","17,29","13,01","13,87","15,78","16,56","15,72","14,18","17,33","17,15","16,79","16,06","16,76","17,23","16,08","16,08",ADM,ADM,ADM,TF,oui,oui,
50,Doiron,Alexandrie,36,STI2D,"12,82","14,07","13,54","15,05",,,"13,84","14,42","13,6","14,14",,,"14,58","16,61","12,08","13,93","12,3","12,86","12,77","14,31","14,41","13,35","14,06","15,24","13,53","14,62","14,27","13,7",,,ADM,ADM,,,oui,,
51,De La Ronde,Donatien,138,STI2D,"9,41","9,04",,,,,"11,12","7,76",,,,,"8,02","8,54",,,"10,34","8,96",,,"12,22","10,88",,,"11,03","11,3",,,,,AJNAR,,,,,,
52,Lemaitre,Odile,118,NBGE,"12,98","13,62","13,82","13,53","13,43","14,21","13,24","13,44","12,99","12,88","13,26","14,21","14,02","14,76","12,89","13,46","11,78","14,22","13,19","12,51","13,94","13,89","14,1","13,78","15,21","13,95","14,06","12,3","12,69","12,69",ADM,ADM,ADM,N,non,oui,
53,Querry,Léopold,86,STI2D,"10,71","10,01",,,,,"11,01","7,34",,,,,"11,56","11,71",,,"10,7","9,54",,,"13,36",12,,,"13,22","11,3",,,,,AJAC,REOR,,,,,
54,Charrette,Evrard,114,STI2D,"10,81","11,07","11,03","12,76","12,24","13,24","10,29","11,48","10,58","13,28","12,67","13,24","9,69","11,79","9,03",13,"11,19","10,93","10,66","12,59","13,31","12,57","11,5","13,73","11,46","10,13",12,"12,62","12,08","14,01",ADM,ADM,ADM,R,non,non,
55,Dufresne,Diane,70,NBGE,"14,66","14,21","14,91","15,16","15,72","15,1","15,1","15,2","15,04","15,37","15,72","15,1","13,6","12,8","13,5","15,61","11,96","14,25","14,63","14,34","14,61","14,75","15,84","15,57","15,5","13,98","15,76","14,59","15,72","15,1",ADM,ADM,ADM,TF,non,non,CEGEP de Matane
56,Louis,Lucinde,154,STI2D,"11,17","12,89","13,21","14,43","15,59","16,36","12,56","12,57","12,48","14,05","15,59","16,36","11,81","16,42","12,56","13,54","8,78","11,64","13,1","13,57","14,51","14,46","13,76","15,18","13,73","13,88","14,72","14,45","15,59","16,36",ADM,ADM,ADM,F,non,non,CEGEP de Matane
57,Givry,Julienne,,S,,,,,"12,52","12,75",,,,,"13,29","12,75",,,,,,,,,,,,,,,,,"12,57","14,11",,,ADM,N,non,non,